name,description
SakuNelayan,Platform online berbasis web/mobile yang bertujuan menyejahterakan nelayan tangkap Indonesia dengan cara mempermudah akses permodalan melaut melalui akad syariah yaitu jual beli salam
KondanginYuk,Platform online yang membantu anak muda Indonesia memperoleh informasi dan layanan kondangan (pernikahan) secara utuh dari hulu ke hilir (dari mulai pendidikan pra-nikah hingga merancang hari pernikahan).
AntriYuk,Aplikasi berbasis mobile yang membantu pengantre untuk mengamankan posisi antriannya sehingga bebas melakukan kegiatan selama masa antrean.
NyampahYuk,Aplikasi berbasis mobile yang membantu mempertemukan Rumah Tangga (individu maupun bisnis) untuk tidak buang sampah di sungai dengan cara mengakses Tukang Sampah/TPA/Bank Sampah terdekat
Bank Sampah Indonesia (BSI),BSI adalah Bank Sentral berbasis web yang menghimpun dan menjadi acuan konsultasi seluruh Bank-Bank Sampah di Indonesia
RisetYuk,"Platform online yang membantu mempertemukan periset/dosen dengan asisten peneliti, tester, hingga responden untuk kepentingan penelitian secara lebih andal, efisien, dan efektif"
KonsulYukDek,Aplikasi berbasis web/mobile yang membantu anak-anak galau SMA menemukan pilihan jurusan yang tepat melalui konsultasi one-to-one dengan mahasiswa aktif di jurusan dan universitas yang bersangkutan.
BelajarYukDek,Aplikasi berbasis web/mobile yang membantu mempertemukan mahasiswa aktif sebagai guru privat dengan anak SMA sebagai murid secara terjangkau.
Startup4Dummies,Aplikasi berbasis web/mobile yang membantu user memahami alur pendirian start-up melalui metode gamification (bagian dari Perusahaan 4Dummies)
Invest4Dummies,Aplikasi berbasis web/mobile yang membantu user memahami cara berinvestasi secara syariah melalui metode gamification (bagian dari Perusahaan 4Dummies)
Accountant4Dummy,Aplikasi berbasis web/mobile yang membantu user memahami pembukuan akuntansi sederhana melalui metode gamification (bagian dari Perusahaan 4Dummies)
SetTheGrad,"Aplikasi berbasis mobile yang membantu mahasiswa baru untuk merencanakan waktu kelulusan dan membuat breakdown lifeplan tahunan, bulanan, mingguan, bahkan harian, untuk mencapai waktu kelulusan yang diinginkan melalui sistem otomatisasi reward/punishment dan reminder."
PortofolioGod,Aplikasi berbasis web/mobile yang membantu mahasiswa merencanakan dan mengeksekusi daftar target kegiatan di luar kelas untuk meningkatkan skill/keterampilan dengan sistem rating dan dokumentasi dalam bentuk portofolio.
PinjemBuku,Aplikasi berbasis web/mobile yang membantu pemilik buku memberdayakan buku yang menganggur sebagai aset yang dapat disewakan (perpus digital profit).
AnterBuku,Aplikasi berbasis web/mobile yang membantu mempertemukan antara supply (pemilik/penyumbang buku) dan demand (event yang membutuhkan sumbangan buku) untuk tujuan non-profit secara mudah dan realtime
SiKayaSiRajin,"Aplikasi mobile yang membantu mempertemukan orang yang butuh dibantu (SiKaya) dan orang yang mau membantu (SiRajin) untuk menyelesaikan masalah-masalah malas gerak secara realtime, mudah, dan menguntungkan."
SmuleQuran,"Aplikasi berbasis mobile yang penyetor penghafal quran untuk mendapatkan partner penguji bacaan setoran quran secara remote dan live (seperti aplikasi smule, tapi kalau smule nyanyi sedangkan ini ngaji)"
SiapBank!,Aplikasi berbasis web/mobile terstandarisasi yang memudahkan tugas agen Laku Pandai (Layanan Keuangan Tanpa Kantor dalam Rangka Keuangan Inklusif) yang tersebar di seluruh daerah terpencil di Indonesia. 
AndaDokterAnda,Aplikasi berbasis web/mobile yang memudahkan user untuk mendapatkan informasi dan tindakan sederhana dalam pencegahan maupun pengobatan penyakit secara mandiri dan sederhana hingga pemberian saran penggunaan obat generik secara gamification.
AnakNelayan,Aplikasi berbasis web/mobile (non profit) yang bergerak pada pencerdasan anak nelayan yang merupakan produk turunan Saku Nelayan
Freecalls,Aplikasi mobile Freecalls yang memudahkan user untuk curhat pada stranger atas masalah yang tidak bisa diceritakan ke orang yang dikenal secara anonymous
SetYourMaster,"Aplikasi berbasis web/mobile yang membantu mahasiswa memperoleh informasi komprehensif tentang universitas, beasiswa, tips and tricks kuliah master, one-to-one consulting dengan universitas terkait, hingga perencanaan dan eksekusi pengumpulan berkas secara online."
TTM (Teman-Teman Makan),Aplikasi berbasis web/mobile yang membantu mempertemukan user dan teman makannya secara realtime dan mutually exclusive
JalanYuk,Aplikasi berbasis web/mobile yang memberikan wadah bagi kontributor penjelajah destinasi wisata dalam memberikan ulasan menarik tentang daerah pariwisata Indonesia yang belum diketahui publik.(kayak Foody.id tapi destinasi wisata jalan-jalan)
HalalYuk,Aplikasi berbasis web/mobile yang membantu masyarakat muslim memperoleh referensi tempat makan halal sesuai standar sertifikat MUI dengan detail rincian kandungan dalam makanan/minuman.
PrayWorldCommunity (PWC),Aplikasi berbasis mobile yang menghimpun masyarakat muslim seluruh dunia untuk saling mendoakan dalam kebaikan secara mudah dan realtime.
Mr.Hey!,Aplikasi berbasis web/mobile untuk membantu orang tua masa kini dalam menerapkan parental guidance dalam gadget yang digunakan anak dengan metode perlindungan berlapis.
KosongCicil,Aplikasi berbasis web/mobile yang membantu mempertemukan pemilik bangunan kosong dengan pihak yang membutuhkan bangunan secara mudah dan realtime.
DuitkuDuitmu,"Aplikasi berbasis web/mobile yang mempertemukan muzakki (pemberi zakat) dan mustahiq (penerima zakat, spesifik pada orang yang terlilit hutang) secara transparan dan berkelanjutan"
SakuPetani,Aplikasi berbasis web/mobile yang bertujuan membantu petani untuk dapat langsung mengakses pasar secara digital sehingga tidak memerlukan middleman(tengkulak).
OlahPakan,Startup penyuplai pakan ternak untuk hewan ternak dengan cara mengolah makanan sisa manusia menjadi pakan ternak siap pakai
ItungKalori,Aplikasi berbasis mobile yang membantu user untuk mencapai target tubuh ideal dengan cara menghitung kalori yang masuk dan keluar serta aktivitas fisik harian serta secara otomatis
OngkosJelajah,Aplikasi berbasis web/ mobile yang membantu traveler untuk melakukan perencanaan keuangan dengan cara menabung virtual sesuai dengan destinasi wisata impian melalui sistem autodebet
FindMyMasterpiece,"Aplikasi berbasis web yang membantu mempertemukan skilled people dengan investor, musisi, studio rekaman, desainer, dan lain-lain melalui karya awal yang dipresentasikan melalui FindMyMasterpiece"
KlikPesan,Aplikasi mobile yang membantu tamu restoran untuk melakukan pemesanan secara mandiri tanpa menunggu waiters dengan cara mengklik aplikasi KlikPesan di layar HP masing-masing
JasMerah,Aplikasi yang membantu anak sekolah untuk belajar pelajaran sejarah dengan cara yang fun melalui gamification
CheckWeather,Aplikasi berbasis mobile yang memberikan informasi pada user tentang prediksi cuaca secara akurat dan presisi sesuai dengan jam dan lokasi (misal: turun hujan di depok (sekitar jalan margonda) pukul 18.00-20.00)
NabiKita,Aplikasi berbasis web/mobile yang memudahkan orang tua untuk menceritakan kisah para Nabi (dalam islam) secara interaktif dengan pertanyaan dan karakter alam yang menarik
BawaTasYuk,Aplikasi yang membantu swalayan atau toko untuk mengontrol kantong plastik yang dikeluarkan dengan cara yang fun dan persuasif
Ubook,"aplikasi mobile yang secara online membantu kaum urban melakukan proses booking tempat apapun, Yang nantinya dapat menghindari antrean"
pembimbingku,aplikasi mobile yang menghubungkan mahasiswa yang sedang mengambil tugas akhir atau skripsi dan dosen dari berbagai universitas yang memiliki keahlian khusus tentang topik tertentu.
Mood Booster,"Platform online yang menghadirkan mood positif (aspek spiritual) untuk anak muda urban melalui video-video tausyiah satu menit yang keren, menyentuh, dan menyejukkan"
Pinter Arabic,Aplikasi mobile yang membantu orang-orang dalam mempelajari Bahasa Arab dengan mudah dan menyenangkan
goNikah,Platform online yang membantu orang-orang yang ingin menikah dengan cara merangkum dan membandingkan harga kebutuhan/vendor untuk pesta pernikahan agar calon pengantin mendapatkan harga dan layanan terbaik sesuai dengan kebutuhan mereka
Marry Your Daughter,Aplikasi mobile yang mengedukasi anak-anak muda yang ingin menikah melalui sebuah aplikasi permainan pra pernikahan
Barengbareng.com,Platform online yang mempertemukan generasi milenial urban yang memiliki kegemaran yang sama dalam komunitas-komunitas yang telah dikategorikan
Happy Muroja'ah,Aplikasi mobile untuk membantu para pejuang penghafal Al-Qur'an dalam menjaga hafalannya dengan cara yang menyenangkan
Create Habits,Aplikasi mobile untuk membantu kaum urban untuk membentuk new habits dengan metode don't break the chain
My Qur'an Reminder,Aplikasi mobile untuk kaum urban yang membutuhkan nasehat kehidupan sesuai dengan kebutuhan permasalahan melalui ayat-ayat Al-Qur'an yang telah dikategorisasikan dan dikemas dengan apik dan menarik.
Jejaring Buku,Aplikasi mobile untuk membantu book lovers dalam hunting buku dengan praktis dan gratisss
Smart Muslim Kid,Aplikasi mobile bagi anak-anak muslim untuk mempelajari all about Islam dengan cara yang ringan dan menyenangkan
Ensiklopedia Doa,Aplikasi mobile untuk muslim urban yang ingin belajar doa-doa dalam Islam dengan keshahihan yang terpercaya kemudian dikemas dengan apik dan menarik
Badr War,Aplikasi mobile untuk anak-anak dalam mengenali sosok Nabi dan para sahabat melalui aplikasi permainan berlatar belakang perang Badar
Remake,Aplikasi mobile untuk kaum urban yang ingin memanfaatkan barang2 tak terpakai di sekitarnya menjadi sebuah karya cipta dengan intruksi how to do
Sahabat Tani,Aplikasi permaian untuk menumbuhkan cinta pertanian kepada anak-anak dengan cara yang menyenangkan serta real bisa dinikmati hasil tanamannya!
Sahabat Nelayan,Aplikasi permaian memancing ikan untuk menumbuhkan cinta maritim kepada anak-anak dengan cara yang menyenangkan serta real bisa dinikmati hasil pancingannya!
Sahabat Ternak,Aplikasi permaian untuk menumbuhkan kegemaran beternakan kepada anak-anak dengan cara yang menyenangkan serta real bisa dinikmati hasil ternaknya!
Kejar Setoran,Aplikasi mobile bagi penghafal Qur'an untuk memanange waktu menghafal Qur'an agar sesuai dengan target yang telah ditentukan (time manager).
Kejar Khataman,Aplikasi mobile bagi urban Muslim untuk mengatur waktu tilawah Qur'an agar sesuai dengan target yang telah ditentukan (time manager).
Si Acil (Aku Cinta Lingkungan),Aplikasi permainan untuk anak-anak agar terbiasa menjaga lingkungan sejak dini
openhouse.com,Platform online bagi traveler untuk menemukan tempat tinggal dengan cara menghubungkan dengan penduduk setempat
lifepath.com,Platform online bagi kaum urban untuk mengetahui hal-hal apa saja yang harus mereka tempuh untuk meraih impian mereka (memberikan saran to do list)
colokanterdekat,Aplikasi mobile yang menghubungkan listrik gratis dengan kaum urban yang membutuhkan daya listrik secara peer to peer. (Find the nearest wifi versi colokan)
KosanMure,"Platform online untuk melakukan price comparison antara berbagai kosan yang terdaftar di aplikasi pencari kosan seperti mamikos, kostID, kosthunt. Kaya skycanner versi kosan, comparisonnya based on facility yang dimau oleh user"
darimasalalu,"Aplikasi yang menyediakan time capsule versi virtual untuk membantu customer yang kesulitan mencari tempat menanam time capsule untuk disimpan. Pada waktu yang telah ditentukan, time capsule akan dikirimkan kepada customer tersebut dalam bentuk fisik. -- sebagai kepo analyst, we'll find a way back to you"
mungkinhalal,Aplikasi mobile yang memberikan informasi mengenai daftar makanan halal/diragukan bagi umat Islam yang berkunjung ke negara yang yang penduduk Islamnya minoritas
tindercat,Platform online yang mempertemukan pemilik kucing yang ingin mengawinkan kucingnya sehingga mendapatkan anak kucing dari spesies terbaik melalui media online
pernikahan101,Platform online yang memberikan ruang konsultasi bagi para suami dan para istri terutama terkait isu-isu yang mungkin sensitif untuk dibahas di tempat konsultasi umum. 
curhatonline,"Platform online yang membantu mediasi curhat dengan akun anonim/samaran dalam lingkup tertentu yang dipilih oleh user, memfasilitasi curhat tanpa harus takut untuk dijudge"
turungunung,Aplikasi mobile yang membantu pendaki gunung (amatir dan professional) untuk mendapatkan informasi terpadu & terupdate mengenai destinasi-destinasi gunung di Indonesia
sponsorinyuk,Platform online yang mempertemukan panitia acara yang membutuhkan sponsor dengan perusahaan yang ingin mensponsori acara yang sesuai dengan keinginan mereka secara online dan terintegrasi (lelang proposal acara)
meongbuncit,Aplikasi mobile yang membantu menghubungkan antara rumah/restoran yang ada makanan sisa/tulang2 dengan kucing2 yang butuh makan MeongBuncit menghubungkan restoran yang memiliki makanan sisa dengan pemilik kucing yang membutuhkan makanan untuk kucingnya dengan cara online dan terintegrasi secara lokasi
AkuMauJeans,Mobile apps yang membantu menghubungkan individu yang memiliki jeans bekas tidak terpakai dengan pengrajin yang dapat mentransformasi jeans untuk dijadikan produk daur ulang (sociopreneur)
PinjamBuku,"Mobile apps yang menghubungkan jasa pinjam-meminjam buku dengan fitur pengingat tenggat waktu, antar-jemput buku, denda, dll "
wisatamistis,"Travel guide yang membantu untuk pooled information (+content&review from users) terkait destinasi-destinasi mistis di seluruh Indonesia, cerita apa saja yang pernah dialami di tempat2 tersebut, kasus kesurupan, dan apakah butuh penanganan lebih lanjut/tidak"
DetektifCinta,"Platform online yang menghubungkan antara detektif amatir & rahasia dengan klien-klien yang ingin menyelidiki apakah pasangannya selingkuh, apakah orang yg ditaksirnya sudah punya pacar, apakah dia modus ke banyak orang, dll"
kenyangajadulu,"Platform online yang menghubungkan antara restoran/katering yang ingin promosi ke perkantoran, dan kantor-kantor yang mungkin tertarik untuk mengadakan jasa katering. dengan cara memberi makan gratis misal kepada satu divisi, lalu diambil feedbacknya (mengisi survei sebagai harga dari yang telah dimakan; kalau tidak diisi maka harus bayar) & apakah kira2 mereka tertarik untuk memakai jasa katering tersebut"
fakirpromocc,platform online yang menghubungkan antara pemilik kartu kredit yang tidak memanfaatkan promosi yang ditawarkan dengan kalangan yang belum bekerja tapi memiliki uang dan mengingkan promo dari kartu kredit
preloved.makeup,Platform online yang menghubungkan antara pemilik makeup yang udah bosen/salah beli/kebanyakan makeup dengan para pencari makeup. 
IHpalsu,"Mobile app yang memberikan informasi tentang segala cara memebedakan produk asli dengan palsu, terutama untuk yang berbahaya/kena kontak langsung dengan badan (makanan, kebersihan, kosmetik)"
tukangbacajurnal,"platfrom online yang berupa summary, rating dan komen dari berbagai jurnal internasional oleh akademisi"
gudangdata,"platform yang mengumpulkan berbagai data yang sudah dikumpulkan oleh para mahasiswa selama kuliah, mulai dari data primer hingga data sekunder berbayar"
PantiNgeyel,"platform untuk pelaporan kasus panti asuhan/panti jompo/yayasan/mesjid yang suka ""ngeyel"" pura-pura miskin supaya banyak dapet bantuan dana/kunjungan bakti sosial"
mauexpired,Platform yang menghubungkan antara rumah tangga yang memiliki bahan-bahan makanan hampir expired dengan komunitas yang membutuhkan makanan & bisa mengonsumsinya dalam waktu cepat
Emak2Ngemat,"Platform untuk price comparison di berbagai pasar tradisional, supermarket dll (kerjasama juga dengan toko2 tersebut) untuk membantu ibu-ibu berhemat dan punya pertimbangan lebih banyak dalam memilih lokasi belanja"
buronanPHP,"Platform untuk berbagi cerita tentang ciri-ciri php, pengalaman di phpin dengan inisial suatu ""buronan"" yang dibagikan ceritanya oleh user"
idenulis.com,"Forum bagi semua yang ingin menjadi penulis tapi mengalami wirter's block untuk mendapatkan trigger ide-ide penulisan, diskusi tentang masalah penulisan hingga potensi penerbitan, coaching&sharing pengalaman dari penulis ternama"
supayadiawangi,"online shop yang menjual parfum/sabun/wewangian yang bersifat gift dari satu orang ke temannya (yang dirasa agak berbau badan) dengan anonim dan tidak butuh alamat yang dituju, cukup kontak mediasosial/no hp"
patunganbisnis,"fintech yang memfasilitasi untuk pembukaan akun rekening virtual untuk bisnis yang baru mau dibuat, dimana setiap co-founders akan diingatkan untuk mentransfer uang patungan di setiap tanggal yang sudah disepakati untuk menjaga para pendiri bisnis supaya tetap committed&konsisten"
nyicilmain,"Fintech yang memfasilitasi untuk tabungan rekreasi anak muda sesuai dengan destinasi yang diinginkan dengan sistem nyicil, contohnya untuk dufan, waterboom, escaperoom"
kutitipdoaku,Fintech berupa crowdfunding untuk membiayai perjalanan haji mereka yang kekurangan dana untuk berangkat dari donatur-donatur yang ingin menitipkan doanya kepada jamaah haji
TitipOleh2,Marketplace untuk titip oleh2 sesuai yang diminta dari pembeli kepada penjual yang akan berangkat dengan mark-up yang sudah disetujui
kebeletnikah,"platform untuk vendor pernikahan yang siap dengan jasa express (ketika ada tanggal yang mendadak cancel, atau tanggal yang sampai akhir masih kosong seperti last-minute flight ticket on discount) untuk pasangan-pasangan yang buru-buru nikah"
BekalMure,Mobile apps untuk katering BEKAL yang murah dengan jasa antar-jemput bekal (tempat bekal dari customer/bisa beli disini) ke daerah perkantoran-perkantoran elit
SiPohonKembaranmu,Platform untuk penanaman pohon ketika bayimu lahir (sehingga memiliki usia yang sama persis) atau ditanam di tanggal-tanggal spesialmu
Cari-MisterX,Platform untuk bermain live-Reality game dimana user harus mencari seseorang dengan kostum&lokasi tertentu yang sudah diberi petunjuk di aplikasi. bagi user yang berhasil menemukan X akan mendapatkan hadiah (banyaknya adalah sampel/promo dari perusahaan2) sesuai dengan performanya dalam menebak keberadaan X
jajanjajan,Platform streetfood guide yang menyediakan guide/rekomendasi/review yang komprehensif untuk pedagang-pedagang jajanan kaki lima dalam semangat memajukan pedagang lokal
hijabku,Platform untuk memdesain sendiri hijab yang diinginkan dan akan diproduksi secara customized untuk hijabers yang ingin beda
selempangmu,Platform untuk mendesain sendiri selempang untuk acara-acara spesial dan dapat dikustomisasi untuk bahan/model/produk yang dipakai untuk selempang/tulisan sesuai keinginan customer
yangHilang,Platform online untuk berbagi cerita kecurian dengan range produk yang luas untuk mengedukasi user mengenai trik yang biasa digunakan oleh pencuri
tabrakan.id,Platform online berupa price comparison/acuan harga dari servis bengkel dan harga-harga sparepart motor dan mobil untuk para korban tabrakan/kesenggol/baret supaya bisa damai dengan harga yang sesuai dengan pasar dan tidak ada yang dirugikan serta didampingi dengan konsultan hukum&otomotiff
sekuncup.merah,Platform online untuk pemesanan bunga dengan akad salam' (pre-order) untuk membantu customer yang ingin menyiapkan bunga di hari-hari spesial dengan harga yang lebih rendah
Recehku,Marketplace untuk jual-beli valuta asing dalam bentuk koin
catatan.id,Marketplace untuk jual-beli catatan pelajaran selama sekolah & kuliah
dinggin.id,Marketplace untuk jual-beli/sewa-menyewa coats musim dingin second bagi yang mau pergi ke luar negeri
pasarfoto,"Platform online untuk membandingkan antara berbagai studio foto (fasilitas, kualitas, harga) untuk customer yang ingin foto studio sesuai dengan kebutuhan yang dicari"
PelangiDiMatamu,Flea market online dengan tujuan pendapatan untuk memproduksi/menyediakan buku-buku braille kepada penderita buta mata
kolam.webminar,"Platform online yang menyediakan pooled web-seminar dari berbagai topik, minat, pembicara dan insitusi dalam satu platform (seperti eventbrite versi webminar)"
ShoppingKu,aplikasi untuk merencanakan kegiatan belanja agar terfokus dengan cara melist barang yang mau dibelanjakan dan mengetahui perkiraan pengeluaran seingga tidak perlu membawa uang berlebihan yang ujungnya membeli barang tidak dibutuhkan
preloved4baby,platform online untuk membantu keluarga menggunakan peralatan bayi milik keluarga lain yang sudah tidak digunakan dengan saling menyewakan dengan harga murah
30hari,aplikasi untuk membantu seseorang memenuhi target ramadhannya dengan pinalti dari deposit uang yang akan disedekahkan jika tidak berhasil memenuhi targetan hariannya
CollectMe,aplikasi membantu para koklektor berinteraksi dengan kolektor lainnya untuk saling berbagi terhadap hal yang mereka sukai dan bertukar barang koleksi/informasi
DagingHalal,platform yang membantu kebutuhan terhadap daging halal dengan mempertemukan orang/instansi yang membutuhkan dengan penjual/peternak/RPH yang sudah tersertifikasi akan melakukan prosedur sesuai syariat dalam pemotongan hewan
Servisin,platform untuk memudahkan pemilik kendaraan menemukan bengkel terdekat untuk melakukan perbaikan terhada kendaraannya
MasakApa,platform untuk memudahkan para ibu menemukan resep yang sesuai dengan bahan masakan yang ada di dapurnya
Pasfoto,aplikasi untuk membantu orang mendapatkan foto dengan format pasfoto untuk berbagai kebutuhan yang dapat disesuaikan
BajuKita,platform untuk membantu orang menistribusikan baju layak pakainya ke orang lain atau lembaga sosial
MyPets,platform untuk mempertemukan orang yang ingin membuang hewan peliharaan dengan orang yang berminat merawatnya
GoldenAge,aplikasi untuk membantu ibu memantau perkembangan anak dengan cara yg informatif sekaligus memberi informasi stimulus yang sesuai diberikan pada anak sesuai usianya untuk mendukung perkembangan otak pada usia emas
HerbalLife,Platform yang membantu memberi informasi solusi herbal dari suatu penyakit sekaligus mnjadi marketpllace untuk bahan-bahannya
Handicraft,platform yang ingin menekan banyaknya sampah yang bisa digunakan kembali dengan menjualnya secara spesifik pada pengrajin daur ulang
BuahTangan,platform ecommerce yang khusus menjual buah tangan khas daerah
dropBook,platform yang ingin menghubungkan penerbit buku dengan komunitas yang membutuhkan
pergi,aplikasi teman perjalanan yang akan memberi informasi seputar tempat baru yang sedang dikunjungi dan memberi saran terkait apa yang sebaiknya dilakukan di lokasi tersebut
Gathering,platform online yang menghubungkan instansi/kelompok besar yang ingin mengadakan gathering/wisata dengan tempat wisata untuk memudahkan penyesuaian tanggal dan lokasi tujuan
NulisBareng,platform yang membantu penulis yang sedang kebingungan menyelesaikan naskah yang ia punya dengan orang lain yang punya ide tambahan terhadapnya
goAyat,permainan seperti pokemonGo yang membanu user lebih mengenal pedoan dalam Quran dan Hadits dengan mencari clue-clue tertentu dan ketika ditangap kan keluar ayat yang harus ia dengar dan baca maknanya (termasuk arti dan tafsir singkat)
PilihJurusan,"platform yang membantu pelajar/anak kuliahan untuk mengatasi kegalauannya dalam memilih jurusan dengan kacamata yang lebih luas lewat pengalaman senior yang sudah berkecimpung di sana (bisa buat seelum masuk s1, s2, dan s3)"
StoryTellMe,platform yang membantu orang tua membiasakan budaya medongeng ke anaknya untuk memaksimalkan manfaat yang dapat diperoleh dari mendongeng bagi perkembangan anak
reconnecting,"aplikasi mobile yang membantu kaum urban dalam mempermudah kegiatan networking dan silaturahim mereka dengan sistem manajemen kontak, pesan, dan penjadwalan silaturahim otomatis"
youngspeak,"aplikasi mobile yang menjadi channel kaum muda inspiratif untuk sharing pemikiran/ide/ilmu dalam bentuk video dan suara, sehingga bisa mendapatkan audience dengan konsep social media"
realtime,aplikasi web dan mobile untuk anggota tim sebuah perusahaan/organisasi agar dapat melihat progres pencapaian KPI perusahaan/organisasi mereka secara real time dengan tampilan menarik serta interaktif
envelope,"aplikasi mobile untuk kaum urban yang membantu mereka mengatur pencatatan keuangan dan tabungan/investasi agar menjadi kebiasan dengan menggunakan gamification (challenge, reward, upgrade, dll)"
endline,"aplikasi mobile untuk membantu kaum urban yang ingin mudah mengingat kematian dengan pengingatan harian otomatis dan gamification (challenge, reward, upgrade, dll)"
onefocus,aplikasi mobile untuk membantu pengguna yang ingin belajar fokus melalui mekanisme to do list yang hanya fokus pada satu hal prioritas dalam satu waktu dari deretan to do list yang ia miliki
lastplate,"aplikasi mobile untuk masyrakat urban menghindari makanan bersisa dengan cara menyumbangkannya kepada komunitas lokal yang memerlukan. Menghubungkan antara pemilik makanan, volunteer yang menjemput makanan, dan posko pembagian melalui aplikasi mobile"
QuranTime,"Aplikasi mobile untuk generasi muslim muda agar mampu mencerna kandungan dan refleksi dari Quran dengan membuatnya sebagai inspirasi singkat harian, disampaikan oleh para ustadz/yang berkompeten di dalamnya, penyampaian dalam bentuk video, suara, dan tulisan singkat tentang asbabul nuzul, tadabbur, dan kisah didalamnya"
RepublicParents,"Aplikasi mobile untuk membantu para orang tua mendapatkan akses informasi dan inspirasi tentang dunia parenting dengan pendekatan peer to peer sharing seperti aplikasi sharing resep disertai juga dengan gamification (level, badge, award, challenge)"
DailyReflection,"Aplikasi mobile untuk membantu kaum urban melakukan evaluasi harian perbuatan baik dan buruk kita secara instan dengan pendekatan UX yang semi otomatis, mudah dan menyenangkan melalui gamification (level, badge, award, challenge)"
skillDaily,"Aplikasi mobile untuk membantu kaum urban mempelajari skill baru seperti menjahit, menggambar, belajar bahasa, menulis, dll dengan pendekatan pembelajaran harian dalam bentuk video singkat harian supaya bisa mengetahui dasar-dasar keahlian melalui kurikulum selama sebulan penuh"
StopNow,aplikasi mobile untuk membantu para pecandu pornografi untuk berhenti dengan cara membuat forum interaksi sesama pecandu/mantan pecandu dan sharing konten tips/kiat untuk bisa berhenti dan istiqamah
HappyElder,"aplikasi mobile untuk membantu para manula dalam beraktivitas sehari-hari dengan mempertemukan mereka dengan relawan yang membantu merawat, memasak, mengobrol, dan berbagi bersama mereka di tempat tinggalnya"
inspiratory,"aplikasi mobile untuk para urban people mendapatkan inspirasi dari kisah sehari-hari seseorang dalam bentuk video, tulisan, dan suara dengan konsep social media, social rating, dan gamification (reward, challenge, dll)"
getMeat,"aplikasi mobile dan web untuk melakukan pemesanan daging langsung kepada para peternak degan skema deposit, harga lebih murah, dan terjamin halal serta kebersihannya"
myCommunity,"aplikasi mobile untuk para penduduk wilayah permukiman yang membantu mereka saling bersosialisasi, bertukar informasi, akses jasa & produk, dll dengan mudah berbasis lokasi lingkungan pemukiman mereka (tingkat RT dan RW)"
SmallCapital,"web platfrom untuk para pedagang, pengusaha kecil, dan startup agar dapat mengakses modal dengan cara mudah dan cepat yang berasal dari para pemodal di wilayahnya sendiri. Skema pengembalian dengan bagi hasil, para pedagang yang meminjam modal harus menggunakan aplikasi pencatatan keuangan"
LocalGood,"aplikasi mobile untuk para kalangan pemuda mengetahui inisiatif kebaikan di sekitar wilayahnya, sehingga bisa berpartisipasi dengan mudah dan menyenangkan dengan menggunakan pendekatan local challange (award daerah paling aktif), gamification (certificate, award), dan koneksi ke pemerintah daerah"
NameIt,"aplikasi mobile untuk membantu pengguna smartphone menghafal nama orang yang ditemuinya dengan cara input kontak yang lebih interaktif sebagai bahan pengingat, misal suara, lokasi,gambar, garis, ciri khas,dll"
WearWithRent,"aplikasi web untuk membantu pengguna menyewa pakaian, sepatu, koper, dan beragam peralatan yang pemakaiannya hanya di momen tertentu dengan menghubungkannya ke para pemilik barang yang ingin mendapat tambahan pendapatan dari barang yang dimilikinya"
CrowdScholar,"aplikasi web crowdfunding untuk membantu pelajar yang membutuhkan dana pendidikan dengan timbal balik penawaran berupa prestasi, target, kegiatan sosial, proposal aktivitas tertentu yang akan direalisasikannya"
ProphetStory,"aplikasi mobile untuk membantu para orang tua dalam menceritakan kisah/dongeng kepada buah hatinya dengan pendekatan cerita para nabi/ulama yang dibuat dengna konten singkat, gambar menarik, dan mudah digunakna ketika bercerita"
RentHour,"aplikasi web untuk membantu para penyewa tempat tinggal dengan skema jam, bukan harian yang bermanfaat ketika mencari tempat istirahat sementara di pemukiman penduduk"
SiapKerja,Aplikasi web dan mobile untuk mahasiswa tingkat akhir memanage tugas akhir yang sesuai dengan kebutuhan rekrutmen industri.
BeHafidz,Aplikasi Mobile dengan Natural Language Processing (NLP) / recording untuk memudahkan urban living setoran/muraja'ah hafalan dengan gamification
TitipBelanja,Aplikasi mobile dan web untuk melayani pesanan bersama pada satu titik dalam rentang waktu tertentu dengan sistem top up
PintuTagihan,Aplikasi web/mobile untuk melayani autodebet dari daftar tagihan bulanan anda dengan sistem top up
HelpButton,"Aplikasi mobile untuk ibu hamil, atau siapapun yang ingin mendapatkan pelayanan prioritas atau darurat ketika terjadi kondisi darurat di krl / area tertentu"
SnapItKeepIt,Aplikasi mobile/web untuk menangkap momen yang tertunda untuk anda lanjutkan kembali di waktu berikutnya
GOTong,"Aplikasi mobile/web crowd-nonfunding; tenaga(relawan), barang (baju layak pakai, dll) alternatif crowdfunding (seperti kitabisa.com, wujudkan.com) -> versi actionable dari change.org"
sparingBRO!,Aplikasi mobile/web crowd-funding berbasis GPS yang mengajak orang/komunitas di sekitar sebagai partner sparing / kopidarat
notariesonhand,"Aplikasi web/mobile untuk generate berbagai macam jenis dokumen perizian, perjanjian dengan dukungan notaris jika dibutuhkan untuk menerbitkan dokumen tersebut"
eField,"Sebuah mobile apps yang membantu mahasiswa/dosen/peneliti dalam mencari responden penelitian yang sesuai, dengan cara otomatisasi dan tidak harus terjun langsung ke lapangan"
OpenDoctor,"Sebuah aplikasi yang membuat rating untuk dokter dan rumah sakit bagi para pasien/calon pasien untuk menentukan dokter/rumah sakit yg sesuai dengan kebutuhannya secara online dan terintegrasi. Aplikasi ini juga bisa menampilkan layanan apa saja yang ditawarkan rumah sakit, dan ketersediaan tempat untuk ICU/rawat inap"
airBooks,Sebuah aplikasi online yang menghubungkan pemilik buku yang tidak terpakai dengan peminjam buku untuk membantu masyarakat yang ingin membaca buku mendapat akses terhadap buku yang diinginkan dengan lebih mudah dan terjangkau.
BookYourFood,Aplikasi online yang dapat membantu memesankan makanan bagi para pengunjung restoran yang berada di lokasi yang jauh/membawa rombongan yang banyak untuk membantu pengunjung restoran menghemat waktu ketika menunggu makanan
CheapSleep,Sebuah aplikasi online yang menyewakan kamar hotel dengan jangka waktu yang lebih pendek (kurang dari 24 jam) untuk membantu kaum urban/ turis backpacker yang membutuhkan tempat untuk tidur siang/mengerjakan pekerjaan dengan lebih nyaman dengan cara menyewakan kamar dalam jangka waktu yang lebih singkat dan harga terjangkau
SimplePlate,Sebuah aplikasi online yang menghubungkan antara pemilik restoran yang memiliki makanan sisa berlebih dengan masyarakat yang ingin membeli makanan dengan harga terjangkau dengan lebih mudah dan terintegrasi secara lokasi
Crowdfunthings - Crowdfunding for Things,"Aplikasi online yang menghubungkan lembaga yang membutuhkan bantuan berupa barang (misalnya ACT yang ingin ke syria, membutuhkan barang berupa selimut/pakaian) dengan penyumbang barang secara lebih transparan dan mudah."
99,Online platform dan social media yang menyebarkan konten pesan-pesan islami yang bisa dilike. (9gag for islamic content)
CariKerja,Online platform yang menghubungkan pekerja kelas menengah kebawah dengan employer dengan rating yang transparan 
AskMe,"Quora for Islamic Question. Online platform yang menghubungkan pemilik pertanyaan, dan orang-orang yang memiliki kredibilitas menjawab pertanyaan tersebut dengan lebih mudah. Khususnya berkaitan dengan Islam"
ReportNow,Online platform sebagai wadah laporan bagi para wanita dan anak-anak yang menjadi korban pelecehan seksual secara anonim dan kerahasiaan terjaga
DroneDelivery,Online Platform yang membantu mengirimkan bantuan untuk menjangkau daerah yang sulit terjangkau akibat bencana dengan menggunakan drone
Smart Muslim,"online platform yang memberikan review dan rating untuk sekolah, sehingga memudahkan orang tua memilihkan sekolah yang terbaik untuk anaknya"
Present,"Online platform untuk membantu orang-orang yang tidak terbiasa public speaking untuk mendapatkan feedback mengenai public speakingnya, mulai dari konten ataupun presentasinya secara online dengan mengupload video presentasi tersebut"
FindAnUstadz,"Online platform yang menghubungkan umat muslim yang membutuhkan mentor/ustadz/ustadzah dengan ustadz/ustadzah yang lokasinya dekat dengan tempat tinggalnya. (Kumpulan database ustadz, beserta lokasi dan expertisenya)"
onlineHealthData,Sebuah platform online yang menyimpan data kesehatan untuk masyarakat sehingga mereka bisa mengakses data tersebut real time kapan saja dimana saja
Roomie,online platform yang menghubungkan seseorang dengan calon roommate sebagai solusi mahalnya harga sewa lahan di kota-kota besar
Produktif,sebuah online apps yang membantu seorang muslim merancang tujuan dunia dan akhirat dengan tujuan yang jelas dan attainable secara konsisten
TamanSurga,EventBrite for pengajian. Sebuah online platform yang membantu umat muslim mengagendakan even pengajian dan terintegrasi secara lokasi
Friendly,Zomato untuk lokasi2 yang child friendly. Sebuah online platform yang memberikan informasi mengenai lokasi yang ramah untuk anak kepada orangtua (location based)
sewa.in,online marketplace untuk membantu kaum urban mendapatkan barang yang ingin disewa dengan cara yang cepat berbasis location-based
ajar.in,"aplikasi berbasis web untuk membantu mahasiswa memahami ""learning path"" dalam mempelajari suatu skill dengan menggunakan ""skill map"" yang dibuat oleh orang yang berpengalaman secara crowdsourcing"
carimobil.co,aplikasi berbasis web untuk membantu kaum urban yang ingin membeli mobil dengan memberikan rekomendasi harga terbaik dari para sales mobil (sales mobil membuat penawaran harga ke orang yang mencari mobil)
temandagang.com,aplikasi mobile untuk membantu pedagang kecil mengelola keuangan usaha kecilnya (akuntansi sederhana) dengan user experience yang baik
uangsaudara.com,Platform peminjaman uang berbasis web untuk membantu kaum urban yang ingin menghindari riba dan sedang membutuhkan dana cepat untuk memenuhi kebutuhan mendesaknya dengan asas syari'ah (Pinjaman berjangka waktu pendek)
uangmodalsaudara.com,platform peminjaman uang P2P untuk membantu pedagang/pelaku usaha kecil yang membutuhkan modal awal dengan asas syariah (Pinjaman berjangka waktu singkat)
jobsmedic.id,aplikasi web untuk membantu para pelaku medis (khususnya yang fresh-grad) mendapatkan pekerjaan yang layak dengan cara crowdsourcing lowongan pekerjaan
asistenfinansialku.com,"aplikasi mobile untuk membantu kaum urban membuat keputusan finansial (mengambil hutang, membeli barang, investasi, dll) untuk menjaga stabilitas perencanaan keuangannya dengan bantuan virtual assitant (AI / Complex Algorithm)"
uanganaku.com,aplikasi web untuk membantu para orang tua menyiapkan tabungan pendidikan untuk anaknya dengan cara kolaborasi dengan sanak-famili
nabungasik.com,"aplikasi mobile untuk membantu kaum milenial menabung untuk mencapai financial goalnya dengan cara menarik otomatis uangnya setiap bulan dipadu dengan behavioral engineering, UX dan gamification"
sodaqo,"sodaqo membuat web/mobile apps untuk membantu muslim yang ingin menunaikan zakat, infak, sedekah, ataupun wakaf, ke banyak lembaga sekaligus secara mudah dengan sistem top-up"
ngodingyuk,"ngodingyuk membuat web platform untuk siapapun (terutama dgn background bukan IT) belajar membuat aplikasi, web, dll from zero to hero secara online dan remote dipandu oleh instruktur berpengalaman"
yukberbagi,"yukberbagi membuat web/mobile apps untuk siapapun yang ingin berbagi barang layak seperti baju, buku, perkakas, dll dengan mempertemukan ke pihak2 yang membutuhkan sesuai lokasinya"
catopia,"catopia membuat online forum/media untuk para pemilik hewan piaraan berdiskusi tentang segala hal, mulai dari how-to adopt sampai how to breed dengan lokasi sebagai basis komunitasnya"
tolongin,"tolong.in membuat mobile apps untuk kaum urban/komuter menyebar broadcast ke hape lain dalam radius tertentu untuk minta tolong, berbagi info atau lainnya secara peer-to-peer (tanpa perlu internet)"
tanem,"Tanem membuat mobile apps untuk membantu orang di kota dengan kesibukan namun ingin bercocok tanam, baik tanaman hias ataupun konsumsi (buah, sayur) dengan cara gamification step-by-step tutorial memulai cocok tanam"
mentorz,mentorz membuat web platform untuk mengumpulkan orang2 yg ingin belajar apapun terutama softskill menemukan guru atau mentor yang sesuai dengan cara membentuk kelompok belajar yg akan dihandle oleh satu mentor secara intensif
konsool,"konsool membuat web/mobile apps yang membantu siapapun menemukan jasa konsultasi di bidang tertentu (keuangan, legal, hukum, dll) dengan cara menghubungkan komunitas berisi pakar/konsultan dgn user secara online"
mentalhealth,mentalhealth membuat online platform untuk siapapun dengan masalah kejiwaan atau orang terdekatnya berkonsultasi dan atau membuat janji terapi dengan ahlinya secara online
autonomus,autonomus membuat mobile apps untuk para pemilik kendaraan memantau kesehatan kendaraan dan histori perawatannya dengan cara profiling kendaraan dan gamification dalam perawatannya
my awesome teacher,"aplikasi mobile atau website yang menghubungkan guru dari sekolah dasar untuk saling berbagi tips dan trik mengajar, dan berbagi bahan ajar dan alat peraga atau metode "
bikinin,sebuah website yang membantu masyaraat yang ingin membuat sesuatu sendiri namun tidak mengetahui caranya. Dengan sharing konten do it yoursef dari seluruh indonesia.
numpang dong,"aplikasi mobile yang menghubungkan kumpulan tempat kost di seluruh indonesia, beserta seluruh asrama (mess) yg memudahkan calon mahasiswa atau calon pelamar kerja "
sumbangin aja,website atau aplikasi mobile yang berisi info dari posko bencana alam yang ada di seluruh indonesia dengan memberikan info tentang kebutuhan dari masing masing posko
produktif yuk,aplikasi yang membantu kaum muda terutama mahasiswa untuk memanagemen tugas serta pekerjaannya dengan metode yg telah terpercaya dan sesuai dengan jenis tugas 
masak bu,"aplikasi mobile yang menyediakan konten resep masakan yang diupload oleh pengguna untuk membantu ibu rumah tangga, dan terdapat forum yang membahas resep tertentu"
info kuliah ku,"aplikasi mobile yang berisi informasi terkait pendaftaran kampus seluruh indonesia, beasiswa, lomba, prestasi dan lain lain yang membantu calon mahasisa menentukan kampus yang tepat untuk dirinya"
kampus asik,"mobile apps yang menyediakan info tentang event dari setiap kampus mulai dari seminar, event olahraga, dll."
edukasi bahasa daerah,"game mobile yang membantu remaja indonesia, untuk mempelajari bahasa daerah dengan kurikulum yang sesuai"
menataruangan.com,platform mobile untuk membantu kaum milenial menata ulang rumahnya dengan cara menghubungkan dengan jaringan interior designer professional
alhuda.com,"search engine berbasis web yang membantu muslim milenial mendapatkan informasi yang komprehensif terkait permasalahan sehari-hari berdasarkan al-quran, tafsir, hadits, dan sumber-sumber terpercaya lainnya dengan tampilan UI/UX yang mudah dimengerti"
banturenov.in,platform berbasis web yang membantu kaum urban yang membutuhkan dana untuk merenovasi rumah dengan cara crowdsourcing dana dengan asas syariah bagi hasil
properintern.com,"aplikasi berbasis web yang membantu para pelajar SMK/SMA/Mahasiswa mendapatkan tempat magang yang sesuai dengan minat, bakat dan jurusannya dengan cara menghubungkan ribuan perusahaan yang membuka kesempatan magang"
laporCL.com,aplikasi mobile yang membantu para pengguna kereta commuter line menghubungi petugas setempat/dalam satu kereta untuk melaporkan jika ada tindakan/aktivitas yang tidak sesuai dalam kereta dengan menggunakan jaringan bluetooth/wifi direct tanpa membutuhkan koneksi internet
commuterlineceria.com,aplikasi mobile yang membantu para pengguna kereta commuter line berkomunikasi/berbagi informasi antar pengguna lainnya dalam satu kereta menggunakan jaringan bluetooth/wifi direct tanpa membutuhkan koneksi internet
beritacerdas.co,aplikasi berbasis web yang membantu para kaum urban mendapatkan informasi/berita yang fair dengan menyajikan pro-kontra / sentimen negatif-positif pada sebuah topik yang digenerate menggunakan Artifial Intelligence
semesternyicil.com,aplikasi berbasis web yang membantu pelajar/mahasiswa mencicil uang pendidikannya dengan memberikan pinjaman berasaskan syariah
mhscicil.in,aplikasi berbasis web yang membantu mahasiswa mencicil barang yang ingin ia beli dengan memberikan pinjaman ringan berasaskan syariah
protovy.com,"aplikasi berbasis web untuk membantu pengembang aplikasi melakukan full design proses dari mulai membuat prototype, melakukan remote usability testing hingga menganalisis hasilnya dalam satu tempat"
tutorin dong,website yang menyediakan konten tutorial tentang tips tips mengatasi masalah sehari hari seperti bagaimana memperbaiki laptop yang rusak dengan disediakan tempat untuk bertanya.
minta dataset kak,tempat berbagi data set maupun datatrain agar data yang sudah pernah digunakan tidak terbuang percuma.
sampah jadi duit,"sulitnya menumbuhkan kesadaran masyarakat terhadap lingkungan terutama sampah. pembuangan sampah sembarangan yg menyebabkan terjadinya bencana banjir, sehingga diperlukan suatu metode yg menarik masyarakat untuk tidak membuang sampah sembarangan dengar menawarkan bayaran berupa uang."
storein,aplikasi mobile yang menghubungkan pemilik lahan dengan orang yang ingin membuka toko sendiri atau usaha lain namun tidak memiliki modal yang tidak terlalu besar.
DineIn,"aplikasi web dan mobile untuk para pengguna mengetahui informasi tentang adanya open kitchen (seseorang yang masak di rumahnya) sehingga bisa berkunjung, makan, dan menambah kenalan baru dengan pendekatan location based. Pengunjung bisa makan masakan dapur otentik, penyaji bisa mendapat pendapatan tambahan dari masakannya"
BuckGoal,"aplikasi mobile untuk kaum urban mengatur keuangan mereka dengan pendekatan goal/target pengeluaran tertentu yang ingin dicapai. Pengguna menetapkan target misalnya liburan, umrah, sekolah, dll semudian setiap bulan akan terdeposit otomatis dengan koneksi bank dan juga tercatat otomatis progres pencatatan target tersebut"
StopSmoking,"aplikasi mobile untuk pecandu rokok agar bisa berhenti merekok dengan cara yang menyenangkan. Dikemas dengan gamification (challenge, award, dll) dan peer partner sesama pecandu rokok yang dia bisa pilih/dapatkan untuk saling berbagi dan menyemangati"
DigitalBin,aplikasi web untuk membantu orang-orang yang punya device elektronik bekas supaya bisa menyumbangkan device/barang elektronik nya kepada orang yang memerlukan. Mulai dari menyumbangkan laptop/smartphone untuk para pelajar
PeerInspirator,"Aplikasi mobile untuk memfasilitas berbagi, ngobrol, mentoring personal para pemuda dengan mentor inspiratif (tokoh, pebisnis, profesional, artis, dll) secara langsung melalui platform online "
GameSiroh,"aplikasi mobile game untuk anak-anak belajar mengenai perjalanan nabi Muhammad SAW dalam bentuk game 2D yang sederhana, grafik bagus, dan gameplay yang menarik"
PublicTrack,"aplikasi mobile untuk membantu para warga kota/daerah bercerita, memonitor fasilitas publik yang ada di sekitar mereka, agar kita dapat mengetahui fasilitas publik apa saja yang ada di sekitar kita. Tools ini juga bisa digunakan untuk menyampaikan aspirasi fasilitas publik baru/kerusakan fasilitas pada pemerintah yang terkait"
EatOrganic,aplikasi mobile untuk membantu para keluarga memesan dan membeli makan organic untuk diantarkan langsung ke dapur mereka dengan cara membeli langsung ke produsen makanan organik. Menggunakan konsep preorder dan deposit yang menjadi modal dan jaminan bagi petani organik dalam memproduksi produk mereka
UKMCreditScore,aplikasi web dan mobile untuk para pelaku UKM mendapatkan creditScore (nilai performa kredibilitas keuangan mereka) sehingga bisa digunakan untuk meminjam uang modal pada institusi keuangan. CreditScore didapat dari konsistensi penggunaan aplikasi pencatatan dan pengeloaan keuangan yang terintegrasi juga dengan lending platform syariah dengan UKM
SoonToExpired,aplikasi web dan mobile untuk kaum urban mengetahui dan membeli barang-barang yang dalam waktu dekat akan expired yang dijual dengan potongan harga yang tinggi
HireThem,"aplikasi portal pekerjaan web untuk para anak jalanan, anak punk, preman, yatim piatu, pengangguran mendapatkan pekerjaan yang didapatkan dari para kaum urban yang membutuhkan bantuan jasa pekerjaan fisik seperti antar barang, bersihkan kebun, mengantarkan, dll "
